merge_key,action,final_id,chosen_cost,chosen_name,merged_parent_names,merged_parent_costs,cluster_count
巴西豬扒|磅,single,巴西豬扒,10.5,巴西豬扒(原件),巴西豬扒(原件),10.5,1
巴西肉眼|磅,merged,巴西肉眼,12.6,巴西肉眼(原件),巴西肉眼(原件) | 巴西肉眼,12.6;12.5,2
巴西腩排|磅,single,巴西腩排,10.3,巴西腩排(原件),巴西腩排(原件),10.3,1
巴西肋排|磅,single,巴西肋排,14.2,巴西肋排(原件)(抄碼),巴西肋排(原件)(抄碼),14.2,1
金沙骨|磅,single,金沙骨,14.2,金沙骨(一字排) (5磅 / 包),金沙骨(一字排) (5磅 / 包),14.2,1
豬仔肋骨|磅,single,豬仔肋骨,12.7,豬仔肋骨(燒排骨),豬仔肋骨(燒排骨),12.7,1
豬仔脾|磅,single,豬仔脾,26,豬仔脾(豬串骨),豬仔脾(豬串骨),26,1
A級有皮挑骨豬腩|磅,single,a級有皮挑骨豬腩,14.8,A級有皮挑骨豬腩(抄碼),A級有皮挑骨豬腩(抄碼),14.8,1
A級去皮挑骨豬腩|磅,single,a級去皮挑骨豬腩,17.8,A級去皮挑骨豬腩(抄碼),A級去皮挑骨豬腩(抄碼),17.8,1
荷蘭豬軟骨|磅,single,荷蘭豬軟骨,13.8,荷蘭豬軟骨(10K),荷蘭豬軟骨(10K),13.8,1
豬軟骨|磅,single,豬軟骨,13.8,豬軟骨,豬軟骨,13.8,1
巴西梅肉|磅,single,巴西梅肉,13,巴西梅肉,巴西梅肉,13,1
肥標|磅,single,肥標,6.5,肥標,肥標,6.5,1
免治豬肉|磅,single,免治豬肉,11.2,免治豬肉(5磅 / 包),免治豬肉(5磅 / 包),11.2,1
巴西赤肉|磅,single,巴西赤肉,11.5,巴西赤肉,巴西赤肉,11.5,1
豬面肉|磅,merged,豬面肉,16.5,豬面肉(豬頸肉),豬面肉(豬頸肉) | 豬面肉,16.5;16.5,2
巴西豬手|磅,single,巴西豬手,5.5,巴西豬手,巴西豬手,5.5,1
日本豬手|磅,single,日本豬手,7,日本豬手,日本豬手,7,1
咸豬手|磅,single,咸豬手,11.5,咸豬手(2.5P)(15KG / 箱),咸豬手(2.5P)(15KG / 箱),11.5,1
豬湯骨|磅,single,豬湯骨,4.5,豬湯骨(切) (5磅 / 包),豬湯骨(切) (5磅 / 包),4.5,1
豬筒骨|磅,single,豬筒骨,4,豬筒骨(切) (5磅 / 包),豬筒骨(切) (5磅 / 包),4,1
豬頸骨|磅,single,豬頸骨,5,豬頸骨,豬頸骨,5,1
熟大腸|磅,single,熟大腸,13,熟大腸,熟大腸,13,1
巴西豬肚|磅,single,巴西豬肚,10.2,巴西豬肚,巴西豬肚,10.2,1
豬利|磅,single,豬利,11,豬利,豬利,11,1
豬耳|磅,single,豬耳,17,豬耳,豬耳,17,1
豬皮|磅,single,豬皮,15,豬皮(已發) (10斤 / 袋),豬皮(已發) (10斤 / 袋),15,1
黑豚法式豬鞍|磅,single,黑豚法式豬鞍,58,黑豚法式豬鞍,黑豚法式豬鞍,58,1
西班牙黑豚梅肉|磅,single,西班牙黑豚梅肉,64,西班牙黑豚梅肉(代切刨片+$3),西班牙黑豚梅肉(代切刨片+$3),64,1
Batalle Duroc 黑豚去皮挑骨豬腩|磅,single,batalle-duroc-黑豚去皮挑骨豬腩,39,Batalle Duroc 黑豚去皮挑骨豬腩 (代切刨片+$ 2),Batalle Duroc 黑豚去皮挑骨豬腩 (代切刨片+$ 2),39,1
西班牙黑豚豬肋|磅,single,西班牙黑豚豬肋,68,西班牙黑豚豬肋條,西班牙黑豚豬肋條,68,1
巴西牛腩|磅,single,巴西牛腩,14.8,巴西牛腩,巴西牛腩,14.8,1
牛肋|磅,single,牛肋,32,牛肋條,牛肋條,32,1
阿根廷牛根|磅,single,阿根廷牛根,12.8,阿根廷牛根,阿根廷牛根,12.8,1
巴西 牛根|磅,single,巴西-牛根,15.8,巴西(粗)牛根 (抄碼),巴西(粗)牛根 (抄碼),15.8,1
美國安格斯原條肉眼|磅,single,美國安格斯原條肉眼,110,美國安格斯原條肉眼 (代切+$2 up),美國安格斯原條肉眼 (代切+$2 up),110,1
美國安格斯西冷|磅,single,美國安格斯西冷,95,美國安格斯西冷(代切+$2 up),美國安格斯西冷(代切+$2 up),95,1
巴西西冷|磅,single,巴西西冷,26.5,巴西西冷(原條),巴西西冷(原條),26.5,1
美國斧頭扒0.87 $0.0 / 磅$0.0 / 磅金錢展|磅,single,美國斧頭扒0-87-0-0-磅-0-0-磅金錢展,23,美國斧頭扒0.87 $0.0 / 磅$0.0 / 磅金錢展,美國斧頭扒0.87 $0.0 / 磅$0.0 / 磅金錢展,23,1
巴西3 / 4牛柳|磅,single,巴西3-4牛柳,45,巴西3 / 4牛柳,巴西3 / 4牛柳,45,1
巴西牛柳頭|磅,single,巴西牛柳頭,26.8,巴西牛柳頭 (原件),巴西牛柳頭 (原件),26.8,1
切牛柳頭絲 / 切|磅,single,切牛柳頭絲-切,26.8,切牛柳頭絲 / 切粒,切牛柳頭絲 / 切粒,26.8,1
切牛柳頭扒 / 絲 / 切|磅,single,切牛柳頭扒-絲-切,26.8,切牛柳頭扒 / 絲 / 切粒,切牛柳頭扒 / 絲 / 切粒,26.8,1
美國Prime牛小排|磅,single,美國prime牛小排,128,美國Prime牛小排,美國Prime牛小排,128,1
美國安格斯牛小排|磅,merged,美國安格斯牛小排,118,美國安格斯牛小排 CAB,美國安格斯牛小排 CAB | 美國安格斯牛小排,118;118,2
巴西牛冧|磅,single,巴西牛冧,27,巴西牛冧(原件) (抄碼),巴西牛冧(原件) (抄碼),27,1
美國CAB三支牛仔骨|磅,single,美國cab三支牛仔骨,56.3,美國CAB三支牛仔骨,美國CAB三支牛仔骨,56.3,1
精選牛仔骨片0.87 $0.0 / 磅$0.0 / 磅巴西牛利|磅,single,精選牛仔骨片0-87-0-0-磅-0-0-磅巴西牛利,10.6,精選牛仔骨片0.87 $0.0 / 磅$0.0 / 磅巴西牛利,精選牛仔骨片0.87 $0.0 / 磅$0.0 / 磅巴西牛利,10.6,1
咸牛利|磅,single,咸牛利,18,咸牛利,咸牛利,18,1
熟咸牛利|磅,single,熟咸牛利,41,熟咸牛利,熟咸牛利,41,1
墨西哥Sukarne雙片肥牛|磅,single,墨西哥sukarne雙片肥牛,23,墨西哥Sukarne雙片肥牛,墨西哥Sukarne雙片肥牛,23,1
墨西哥雙片肥牛|磅,single,墨西哥雙片肥牛,23,墨西哥雙片肥牛片(5磅裝),墨西哥雙片肥牛片(5磅裝),23,1
美國S.P肥牛|磅,merged,美國s-p肥牛,30.2,美國S.P肥牛 (原件),美國S.P肥牛 (原件) | 美國S.P肥牛片(5磅裝) (1磅裝+$3),30.2;30.2,2
美國肩胛三角肥牛|磅,merged,美國肩胛三角肥牛,57,美國肩胛三角肥牛片,美國肩胛三角肥牛 | 美國肩胛三角肥牛片,57;57,2
美國牛板健|磅,merged,美國牛板健,41,美國牛板健(肩胛牛柳),美國牛板健(肩胛牛柳) | 美國牛板健(肩胛牛柳) (代切) (1磅裝 +$3),41;41,2
美國下肩胛肉眼|磅,merged,美國下肩胛肉眼,48,美國下肩胛肉眼,美國下肩胛肉眼 | 美國下肩胛肉眼 (切),48;48,2
安格斯一口牛|磅,single,安格斯一口牛,48,安格斯一口牛粒(5磅裝),安格斯一口牛粒(5磅裝),48,1
美國下肩胛板翼|磅,merged,美國下肩胛板翼,68.5,美國下肩胛板翼,美國下肩胛板翼 | 美國下肩胛板翼 (切) (1磅裝 +$3),68.5;68.5,2
巴西牛尾|磅,merged,巴西牛尾,14.5,巴西牛尾,巴西牛尾 | 巴西牛尾 (切),14.5;14.5,2
牛柏葉|磅,single,牛柏葉,24,牛柏葉 (已發),牛柏葉 (已發),24,1
澳洲金錢肚|磅,single,澳洲金錢肚,25,澳洲金錢肚,澳洲金錢肚,25,1
草肚|磅,single,草肚,9.2,草肚 (抄碼),草肚 (抄碼),9.2,1
免治牛肉|磅,single,免治牛肉,15.2,免治牛肉,免治牛肉,15.2,1
芝士碎|包,single,芝士碎,126,芝士碎 (2kg / 包),芝士碎 (2kg / 包),126,1
馬蘇里拉芝士碎|包,single,馬蘇里拉芝士碎,135,馬蘇里拉芝士碎 (2kg / 包),馬蘇里拉芝士碎 (2kg / 包),135,1
芝士|包,single,芝士,13.5,芝士片(12片),芝士片(12片),13.5,1
牛油磚|磚,single,牛油磚,21,牛油磚,牛油磚,21,1
Romi牛油|箱,single,romi牛油,270,Romi牛油粒 (7gx400粒 / 箱),Romi牛油粒 (7gx400粒 / 箱),270,1
中國雞扒300+|磅,single,中國雞扒300,7.5,中國雞扒300+ (15KG),中國雞扒300+ (15KG),7.5,1
巴西雞扒|磅,single,巴西雞扒,7.5,巴西雞扒(15KG),巴西雞扒(15KG),7.5,1
有皮雞脾肉|磅,merged,有皮雞脾肉,7.4,有皮雞絲 / 球(5磅 / 包),有皮雞脾肉(2KG X 6餅) | 有皮雞絲 / 球(5磅 / 包),7.4;7.4,2
去皮上脾肉|磅,merged,去皮上脾肉,7.9,去皮上脾肉(2KG X 6餅),去皮上脾肉(2KG X 6餅) | 去皮上脾肉,7.9;7.9,2
300+大白脾|磅,single,300-大白脾,6.4,300+大白脾(30磅),300+大白脾(30磅),6.4,1
雞脾|磅,single,雞脾,6.4,雞脾,雞脾,6.4,1
220 / 240美國雞脾|磅,single,220-240美國雞脾,8.3,220 / 240美國雞脾(30LB),220 / 240美國雞脾(30LB),8.3,1
240 / 260美國雞脾|磅,single,240-260美國雞脾,8.3,240 / 260美國雞脾(30LB),240 / 260美國雞脾(30LB),8.3,1
260 / 280中國雞脾|磅,single,260-280中國雞脾,7.6,260 / 280中國雞脾(15KG),260 / 280中國雞脾(15KG),7.6,1
泰式去骨仙爪|餅,single,泰式去骨仙爪,60,泰式去骨仙爪(16K) (2KG / 餅),泰式去骨仙爪(16K) (2KG / 餅),60,1
炸鳳爪|磅,single,炸鳳爪,11.5,炸鳳爪(10斤 / 包),炸鳳爪(10斤 / 包),11.5,1
煲湯雞腳|磅,single,煲湯雞腳,5.4,煲湯雞腳,煲湯雞腳,5.4,1
雞軟骨|餅,single,雞軟骨,78,雞軟骨粒(2KG X 8餅),雞軟骨粒(2KG X 8餅),78,1
去皮大胸肉|餅,single,去皮大胸肉,25,去皮大胸肉(2KG X 6餅),去皮大胸肉(2KG X 6餅),25,1
小胸肉|包,single,小胸肉,13.3,小胸肉(IQF) (1K X 10包),小胸肉(IQF) (1K X 10包),13.3,1
皇室農場無激素雞胸|包,single,皇室農場無激素雞胸,44,皇室農場無激素雞胸(1K X 10包),皇室農場無激素雞胸(1K X 10包),44,1
巴西雞全翼100+|磅,single,巴西雞全翼100,9.5,巴西雞全翼100+ (15K),巴西雞全翼100+ (15K),9.5,1
雞中翼35g+|磅,single,雞中翼35g,12.8,雞中翼35g+,雞中翼35g+,12.8,1
巴西雞中翼40g+|磅,single,巴西雞中翼40g,14.2,巴西雞中翼40g+ (15K),巴西雞中翼40g+ (15K),14.2,1
中國雞中翼50g+|磅,single,中國雞中翼50g,20.5,中國雞中翼50g+ (1K X 10包),中國雞中翼50g+ (1K X 10包),20.5,1
雞翼鎚12KG|磅,single,雞翼鎚12kg,7.2,雞翼鎚12KG,雞翼鎚12KG,7.2,1
雞翼尖18KG|磅,single,雞翼尖18kg,5.5,雞翼尖18KG,雞翼尖18KG,5.5,1
竹絲雞|隻,single,竹絲雞,29,竹絲雞(烏雞)(700G),竹絲雞(烏雞)(700G),29,1
凍三黃雞|斤,single,凍三黃雞,16,凍三黃雞(2斤 / 2.5斤 / 3斤),凍三黃雞(2斤 / 2.5斤 / 3斤),16,1
巴西春雞 900g+|磅,single,巴西春雞-900g,8.5,巴西春雞 900g+ (9KG),巴西春雞 900g+ (9KG),8.5,1
巴西春雞 1500g+|磅,single,巴西春雞-1500g,9.8,巴西春雞 1500g+ (12KG),巴西春雞 1500g+ (12KG),9.8,1
雞殼|磅,single,雞殼,3.2,雞殼,雞殼,3.2,1
美國大火腎|磅,single,美國大火腎,9,美國大火腎(10磅 / 包),美國大火腎(10磅 / 包),9,1
雞子|磅,single,雞子,36,雞子(1KG / 包),雞子(1KG / 包),36,1
米鴨|磅,single,米鴨,6.6,米鴨(1.6KG X 8隻 / 箱),米鴨(1.6KG X 8隻 / 箱),6.6,1
煙鴨胸|磅,single,煙鴨胸,11,煙鴨胸(10KG / 箱),煙鴨胸(10KG / 箱),11,1
黑椒煙鴨胸|磅,single,黑椒煙鴨胸,11.5,黑椒煙鴨胸(10KG / 箱),黑椒煙鴨胸(10KG / 箱),11.5,1
生鴨胸|磅,single,生鴨胸,7.5,生鴨胸(10KG / 箱),生鴨胸(10KG / 箱),7.5,1
炸鴨腳|磅,single,炸鴨腳,12.5,炸鴨腳(10斤 / 袋),炸鴨腳(10斤 / 袋),12.5,1
220 / 240鴨脾|磅,single,220-240鴨脾,7.3,220 / 240鴨脾(10KG),220 / 240鴨脾(10KG),7.3,1
鴨利|KG,single,鴨利,95,鴨利(1kg / 包),鴨利(1kg / 包),95,1
中國鵝肝|KG,single,中國鵝肝,290,中國鵝肝(700~800g),中國鵝肝(700~800g),290,1
熟鵝腸|餅,single,熟鵝腸,137.5,熟鵝腸(2.5KG * 6餅),熟鵝腸(2.5KG * 6餅),137.5,1
波蘭鵝腳|磅,single,波蘭鵝腳,34,波蘭鵝腳(15KG),波蘭鵝腳(15KG),34,1
紐西蘭羊卷肉|磅,single,紐西蘭羊卷肉,45,紐西蘭羊卷肉(網裝),紐西蘭羊卷肉(網裝),45,1
中國羊卷肉|磅,single,中國羊卷肉,31,中國羊卷肉(柱裝),中國羊卷肉(柱裝),31,1
羊肉|磅,single,羊肉,31,羊肉片(代切),羊肉片(代切),31,1
紐西蘭7支骨羊骨扒|磅,merged,紐西蘭7支骨羊骨扒,61,紐西蘭7支骨羊骨扒(特級),紐西蘭7支骨羊骨扒(特級) | 紐西蘭7支骨羊骨扒,61;61,2
淨羊腩|磅,single,淨羊腩,34.5,淨羊腩(原件),淨羊腩(原件),34.5,1
1-2KG紐西蘭青衣柳|磅,single,1-2kg紐西蘭青衣柳,37,1-2KG紐西蘭青衣柳(10KG),1-2KG紐西蘭青衣柳(10KG),37,1
120 / 170越南魚柳M|磅,merged,120-170越南魚柳m,7.5,120 / 170越南魚柳M(榮希),120 / 170越南魚柳M | 120 / 170越南魚柳M(榮希),7.2;7.5,2
170 / 220越南魚柳L|磅,single,170-220越南魚柳l,7.2,170 / 220越南魚柳L,170 / 220越南魚柳L,7.2,1
220+越南魚柳 XXL|磅,single,220-越南魚柳-xxl,7.2,220+越南魚柳 XXL (IQF),220+越南魚柳 XXL (IQF),7.2,1
特選45頭蒲燒鰻魚|KG,single,特選45頭蒲燒鰻魚,168,特選45頭蒲燒鰻魚(5kg / 盒),特選45頭蒲燒鰻魚(5kg / 盒),168,1
特選100頭蒲燒鰻魚|KG,single,特選100頭蒲燒鰻魚,168,特選100頭蒲燒鰻魚(5kg / 盒),特選100頭蒲燒鰻魚(5kg / 盒),168,1
60頭蒲燒鰻魚|KG,single,60頭蒲燒鰻魚,168,60頭蒲燒鰻魚(5kg / 盒),60頭蒲燒鰻魚(5kg / 盒),168,1
蒲燒鰻魚|條,split_by_cost,蒲燒鰻魚,96,蒲燒鰻魚(500g),蒲燒鰻魚(500g),96,1
蒲燒鰻魚|條,split_by_cost,蒲燒鰻魚-2,64,蒲燒鰻魚(300g),蒲燒鰻魚(300g),64,1
蒲燒鰻魚碎肉|包,single,蒲燒鰻魚碎肉,28,蒲燒鰻魚碎肉,蒲燒鰻魚碎肉,28,1
180紐西蘭魷魚頭|磅,single,180紐西蘭魷魚頭,17.5,180紐西蘭魷魚頭(10KG),180紐西蘭魷魚頭(10KG),17.5,1
U5魷魚筒|磅,single,u5魷魚筒,14.8,U5魷魚筒(10KG),U5魷魚筒(10KG),14.8,1
21 / 25去皮鮮魷|磅,single,21-25去皮鮮魷,15,21 / 25去皮鮮魷(16KG),21 / 25去皮鮮魷(16KG),15,1
XL墨魚咀|磅,single,xl墨魚咀,18.5,XL墨魚咀(IQF),XL墨魚咀(IQF),18.5,1
海鮮什錦|KG,single,海鮮什錦,24.5,海鮮什錦(1kg / 包),海鮮什錦(1kg / 包),24.5,1
60魷魚翼|磅,single,60魷魚翼,14.5,60魷魚翼(10KG),60魷魚翼(10KG),14.5,1
水魷|磅,single,水魷,28,水魷,水魷,28,1
銀鱈魚|磅,single,銀鱈魚,78,銀鱈魚(1級)(5~7磅) (代切+$1 / 磅),銀鱈魚(1級)(5~7磅) (代切+$1 / 磅),78,1
鯖魚柳|KG,single,鯖魚柳,47,鯖魚柳(70頭) (10KG),鯖魚柳(70頭) (10KG),47,1
煙三文魚|KG,single,煙三文魚,118,煙三文魚(1kg*10包),煙三文魚(1kg*10包),118,1
煙三文魚|包,single,煙三文魚-2,72,煙三文魚(超市裝500G / 包),煙三文魚(超市裝500G / 包),72,1
急凍原條三文魚|磅,single,急凍原條三文魚,34,急凍原條三文魚,急凍原條三文魚,34,1
原條代切三文魚扒|磅,single,原條代切三文魚扒,34,原條代切三文魚扒,原條代切三文魚扒,34,1
多春魚|磅,single,多春魚,17,多春魚,多春魚,17,1
比目魚|磅,single,比目魚,43,比目魚(代切+$1 / 磅),比目魚(代切+$1 / 磅),43,1
白飯魚|KG,single,白飯魚,46.8,白飯魚(銀魚) (1KG x 20盒),白飯魚(銀魚) (1KG x 20盒),46.8,1
1 / 2墨魚頭|磅,single,1-2墨魚頭,21,1 / 2墨魚頭(12KG),1 / 2墨魚頭(12KG),21,1
40 / 60墨魚仔|磅,single,40-60墨魚仔,17.5,40 / 60墨魚仔(4.5磅 / 包),40 / 60墨魚仔(4.5磅 / 包),17.5,1
100 / 200南美白蝦|磅,single,100-200南美白蝦,14.5,100 / 200南美白蝦(1.8KG / 餅),100 / 200南美白蝦(1.8KG / 餅),14.5,1
91 / 120南美白蝦|磅,single,91-120南美白蝦,16,91 / 120南美白蝦(1.8KG / 餅),91 / 120南美白蝦(1.8KG / 餅),16,1
71 / 90南美白蝦|磅,single,71-90南美白蝦,17,71 / 90南美白蝦(1.8KG / 餅),71 / 90南美白蝦(1.8KG / 餅),17,1
51 / 60南美白蝦|磅,single,51-60南美白蝦,19,51 / 60南美白蝦 (1.8KG / 餅),51 / 60南美白蝦 (1.8KG / 餅),19,1
41 / 50南美白蝦|磅,single,41-50南美白蝦,22,41 / 50南美白蝦(1.8KG / 餅),41 / 50南美白蝦(1.8KG / 餅),22,1
31 / 40南美白蝦|磅,single,31-40南美白蝦,23.5,31 / 40南美白蝦(1.8KG / 餅),31 / 40南美白蝦(1.8KG / 餅),23.5,1
26 / 30南美白蝦|磅,single,26-30南美白蝦,24.5,26 / 30南美白蝦(1.8KG / 餅),26 / 30南美白蝦(1.8KG / 餅),24.5,1
21 / 25南美白蝦|磅,single,21-25南美白蝦,30,21 / 25南美白蝦(1.8KG / 餅),21 / 25南美白蝦(1.8KG / 餅),30,1
16 / 20越南蝦肉|磅,single,16-20越南蝦肉,39,16 / 20越南蝦肉(1.8KG / 餅),16 / 20越南蝦肉(1.8KG / 餅),39,1
越南6 / 8原隻虎蝦|KG,single,越南6-8原隻虎蝦,138,越南6 / 8原隻虎蝦(1kg / 盒),越南6 / 8原隻虎蝦(1kg / 盒),138,1
越南8 / 10原隻虎蝦|KG,single,越南8-10原隻虎蝦,118,越南8 / 10原隻虎蝦(1kg / 盒),越南8 / 10原隻虎蝦(1kg / 盒),118,1
越南10 / 12原隻虎蝦|KG,single,越南10-12原隻虎蝦,94,越南10 / 12原隻虎蝦(1kg / 盒),越南10 / 12原隻虎蝦(1kg / 盒),94,1
越南13 / 15原隻虎蝦|KG,single,越南13-15原隻虎蝦,83,越南13 / 15原隻虎蝦(1kg / 盒),越南13 / 15原隻虎蝦(1kg / 盒),83,1
越南16 / 20原隻虎蝦|KG,single,越南16-20原隻虎蝦,74,越南16 / 20原隻虎蝦(1kg / 盒),越南16 / 20原隻虎蝦(1kg / 盒),74,1
越南21 / 25原隻虎蝦|KG,single,越南21-25原隻虎蝦,70,越南21 / 25原隻虎蝦(1kg / 盒),越南21 / 25原隻虎蝦(1kg / 盒),70,1
越南31 / 40單凍鳳尾蝦|KG,single,越南31-40單凍鳳尾蝦,63,越南31 / 40單凍鳳尾蝦(1kg),越南31 / 40單凍鳳尾蝦(1kg),63,1
120-150軟殼蟹|KG,single,120-150軟殼蟹,82,120-150軟殼蟹(小冰)(1kg / 盒),120-150軟殼蟹(小冰)(1kg / 盒),82,1
圓心白蟹肉 2kg|KG,single,圓心白蟹肉-2kg,106,圓心白蟹肉(餅裝)2kg,圓心白蟹肉(餅裝)2kg,106,1
細粒蟹籽|KG,single,細粒蟹籽,126,細粒蟹籽(多春魚籽)(1kg / 盒),細粒蟹籽(多春魚籽)(1kg / 盒),126,1
雪場蟹棒|包,single,雪場蟹棒,32,雪場蟹棒 (500g / 包),雪場蟹棒 (500g / 包),32,1
大蟹柳|包,single,大蟹柳,13.5,大蟹柳(32條),大蟹柳(32條),13.5,1
日本凍廣島蠔2L|KG,single,日本凍廣島蠔2l,118,"日本凍廣島蠔2L (21-30 / 隻,1Kg / 包)","日本凍廣島蠔2L (21-30 / 隻,1Kg / 包)",118,1
半殼青口M|KG,single,半殼青口m,68.5,半殼青口M (1kg / 包),半殼青口M (1kg / 包),68.5,1
半殼青口L|KG,single,半殼青口l,68.5,半殼青口L (1kg / 包),半殼青口L (1kg / 包),68.5,1
青口肉|KG,single,青口肉,82,青口肉(1kg / 包),青口肉(1kg / 包),82,1
智利藍青口|磅,single,智利藍青口,12.5,智利藍青口 (1LB / 包),智利藍青口 (1LB / 包),12.5,1
20 / 30熟食用帶子|KG,single,20-30熟食用帶子,146,20 / 30熟食用帶子(IQF) (1kg / 盒),20 / 30熟食用帶子(IQF) (1kg / 盒),146,1
60 / 80珍珠帶子肉|KG,single,60-80珍珠帶子肉,40,60 / 80珍珠帶子肉(IQF) (1kg / 包),60 / 80珍珠帶子肉(IQF) (1kg / 包),40,1
80 / 100珍珠帶子肉|KG,single,80-100珍珠帶子肉,37,80 / 100珍珠帶子肉(IQF) (1kg / 包),80 / 100珍珠帶子肉(IQF) (1kg / 包),37,1
200-300黃蜆肉|KG,single,200-300黃蜆肉,25.5,200-300黃蜆肉(1kg / 包),200-300黃蜆肉(1kg / 包),25.5,1
21 / 25日本熟帆立貝L|KG,single,21-25日本熟帆立貝l,129,21 / 25日本熟帆立貝L (1kg / 包),21 / 25日本熟帆立貝L (1kg / 包),129,1
60 / 80北海道熟帆立貝|KG,single,60-80北海道熟帆立貝,67,60 / 80北海道熟帆立貝(1kg / 包),60 / 80北海道熟帆立貝(1kg / 包),67,1
半殼扇貝 10~12cm|KG,single,半殼扇貝-10-12cm,49,半殼扇貝 10~12cm (1KG / 包),半殼扇貝 10~12cm (1KG / 包),49,1
【美雪】煎餃子|包,single,美雪-煎餃子,35,【美雪】煎餃子 (50隻 / 包),【美雪】煎餃子 (50隻 / 包),35,1
雞軟骨餃子|包,single,雞軟骨餃子,39,雞軟骨餃子,雞軟骨餃子,39,1
手羽芝士豚肉餃子|包,single,手羽芝士豚肉餃子,41,手羽芝士豚肉餃子(10隻x10包),手羽芝士豚肉餃子(10隻x10包),41,1
白菜豬肉水餃子|小盒,single,白菜豬肉水餃子,16.2,"白菜豬肉水餃子 (20g / 隻,10隻 / 盒)","白菜豬肉水餃子 (20g / 隻,10隻 / 盒)",16.2,1
冬菇雞肉水餃|小盒,single,冬菇雞肉水餃,16.2,"冬菇雞肉水餃 (20g / 隻,10隻 / 盒)","冬菇雞肉水餃 (20g / 隻,10隻 / 盒)",16.2,1
韭菜豬肉水餃|小盒,single,韭菜豬肉水餃,16.2,"韭菜豬肉水餃 (20g / 隻,10隻 / 盒)","韭菜豬肉水餃 (20g / 隻,10隻 / 盒)",16.2,1
鳳城水餃|小盒,single,鳳城水餃,27.5,"鳳城水餃 (17g / 隻,12隻 / 盒)","鳳城水餃 (17g / 隻,12隻 / 盒)",27.5,1
廣東鮮蝦雲吞|小盒,single,廣東鮮蝦雲吞,27.5,"廣東鮮蝦雲吞 (17g / 隻,12隻 / 盒)","廣東鮮蝦雲吞 (17g / 隻,12隻 / 盒)",27.5,1
麻辣雲吞|小盒,single,麻辣雲吞,28.9,"麻辣雲吞 (17g / 隻,12隻 / 盒)","麻辣雲吞 (17g / 隻,12隻 / 盒)",28.9,1
蝦皇雲吞|小盒,single,蝦皇雲吞,29.3,"蝦皇雲吞 (28g / 隻,10隻 / 盒)","蝦皇雲吞 (28g / 隻,10隻 / 盒)",29.3,1
【美樂】火腿|包,single,美樂-火腿,13,【美樂】火腿片,【美樂】火腿片,13,1
【大利】火腿|包,single,大利-火腿,14.5,【大利】火腿片(1磅裝),【大利】火腿片(1磅裝),14.5,1
【北歐】火腿|包,single,北歐-火腿,29,【北歐】火腿片(2磅裝),【北歐】火腿片(2磅裝),29,1
越南扎肉|條,single,越南扎肉,39,越南扎肉 (28條 / 箱),越南扎肉 (28條 / 箱),39,1
【維京】2磅煙肉|包,single,維京-2磅煙肉,40,【維京】2磅煙肉片(包裝),【維京】2磅煙肉片(包裝),40,1
【大利】2磅煙肉|包,single,大利-2磅煙肉,36.7,【大利】2磅煙肉片(包裝),【大利】2磅煙肉片(包裝),36.7,1
豬柳漢堡扒 1.5安士|磅,single,豬柳漢堡扒-1-5安士,27,豬柳漢堡扒(散裝)1.5安士,豬柳漢堡扒(散裝)1.5安士,27,1
鍾意食-豬柳漢堡扒|包,single,鍾意食-豬柳漢堡扒,20,鍾意食-豬柳漢堡扒(包裝)(6塊 / 包),鍾意食-豬柳漢堡扒(包裝)(6塊 / 包),20,1
【奧利茗】法蘭克福腸|包,single,奧利茗-法蘭克福腸,36,【奧利茗】法蘭克福腸(1kg包),【奧利茗】法蘭克福腸(1kg包),36,1
【金妹】司華力腸|包,single,金妹-司華力腸,59,【金妹】司華力腸(8條 / 包),【金妹】司華力腸(8條 / 包),59,1
【金妹】芝士脆皮腸|包,single,金妹-芝士脆皮腸,57.2,【金妹】芝士脆皮腸(2磅裝),【金妹】芝士脆皮腸(2磅裝),57.2,1
紅腸|磅,single,紅腸,12,紅腸,紅腸,12,1
廚師牌雞肉腸|包,single,廚師牌雞肉腸,13.8,廚師牌雞肉腸,廚師牌雞肉腸,13.8,1
寶雕牌雞肉腸|包,single,寶雕牌雞肉腸,11.2,寶雕牌雞肉腸,寶雕牌雞肉腸,11.2,1
4式混合腸|包,single,4式混合腸,47,4式混合腸 (454G),4式混合腸 (454G),47,1
蜜味台灣腸|包,single,蜜味台灣腸,54,蜜味台灣腸(1kg / 包),蜜味台灣腸(1kg / 包),54,1
紐倫堡腸|KG,single,紐倫堡腸,64,紐倫堡腸 (30g),紐倫堡腸 (30g),64,1
意式風味比薩腸|KG,single,意式風味比薩腸,72,意式風味比薩腸,意式風味比薩腸,72,1
莎樂滋味腸|KG,single,莎樂滋味腸,64,莎樂滋味腸,莎樂滋味腸,64,1
西班牙式辣肉腸|KG,single,西班牙式辣肉腸,64,西班牙式辣肉腸 (60g),西班牙式辣肉腸 (60g),64,1
【四海】牛肉丸|磅,single,四海-牛肉丸,23.8,【四海】牛肉丸(3斤 / 包),【四海】牛肉丸(3斤 / 包),23.8,1
【四海】牛筋丸|磅,single,四海-牛筋丸,24.1,【四海】牛筋丸(3斤 / 包),【四海】牛筋丸(3斤 / 包),24.1,1
【四海】炸魚蛋|磅,single,四海-炸魚蛋,13,【四海】炸魚蛋(大) (3斤 / 包),【四海】炸魚蛋(大) (3斤 / 包),13,1
【四海】炸魚旦|磅,single,四海-炸魚旦,13,【四海】炸魚旦(細) (3斤 / 包),【四海】炸魚旦(細) (3斤 / 包),13,1
【四海】台式貢丸|磅,single,四海-台式貢丸,26.5,【四海】台式貢丸(3斤 / 包),【四海】台式貢丸(3斤 / 包),26.5,1
【四海】魚皮餃|磅,single,四海-魚皮餃,51,【四海】魚皮餃(1斤 / 盒),【四海】魚皮餃(1斤 / 盒),51,1
【四海】炸魚|磅,single,四海-炸魚,15,【四海】炸魚條(3斤 / 包),【四海】炸魚條(3斤 / 包),15,1
【四海】黃金魚片頭|包,single,四海-黃金魚片頭,31,【四海】黃金魚片頭(1斤 / 包),【四海】黃金魚片頭(1斤 / 包),31,1
【四海】順德魚腐|磅,single,四海-順德魚腐,22.5,【四海】順德魚腐(3斤 / 包),【四海】順德魚腐(3斤 / 包),22.5,1
【四海】魚肉春卷|磅,single,四海-魚肉春卷,21,【四海】魚肉春卷,【四海】魚肉春卷,21,1
【四海】墨魚丸|磅,single,四海-墨魚丸,26.6,【四海】墨魚丸(3斤 / 包),【四海】墨魚丸(3斤 / 包),26.6,1
【四海】炸蝦卷|磅,single,四海-炸蝦卷,18,【四海】炸蝦卷(3斤 / 包),【四海】炸蝦卷(3斤 / 包),18,1
ECD長洲特大魚蛋|磅,single,ecd長洲特大魚蛋,21,ECD長洲特大魚蛋,ECD長洲特大魚蛋,21,1
潮汕地道牛肉丸250G|包,single,潮汕地道牛肉丸250g,15,潮汕地道牛肉丸250G,潮汕地道牛肉丸250G,15,1
【新永興】特級墨丸皇|磅,single,新永興-特級墨丸皇,40,【新永興】特級墨丸皇,【新永興】特級墨丸皇,40,1
白魚蛋|磅,single,白魚蛋,10.8,白魚蛋 (青木牌)(3K / 4包),白魚蛋 (青木牌)(3K / 4包),10.8,1
【新永興】魚肉燒賣3斤 / 包|磅,single,新永興-魚肉燒賣3斤-包,11.5,【新永興】魚肉燒賣3斤 / 包,【新永興】魚肉燒賣3斤 / 包,11.5,1
獅子狗|磅,single,獅子狗,15.2,獅子狗(3kg / 包),獅子狗(3kg / 包),15.2,1
鳴門卷|條,single,鳴門卷,8,鳴門卷(50條 / 箱),鳴門卷(50條 / 箱),8,1
花枝丸|磅,single,花枝丸,22,花枝丸(特級),花枝丸(特級),22,1
龍蝦丸3KG / 包|磅,single,龍蝦丸3kg-包,18.9,龍蝦丸3KG / 包,龍蝦丸3KG / 包,18.9,1
包心芝士丸3KG / 包|磅,single,包心芝士丸3kg-包,19.7,包心芝士丸3KG / 包,包心芝士丸3KG / 包,19.7,1
蟹子蟹粉包3KG / 包|磅,single,蟹子蟹粉包3kg-包,19.3,蟹子蟹粉包3KG / 包,蟹子蟹粉包3KG / 包,19.3,1
海膽包3KG / 包|磅,single,海膽包3kg-包,19.3,海膽包3KG / 包,海膽包3KG / 包,19.3,1
【福茂】貢丸|磅,single,福茂-貢丸,25.8,【福茂】貢丸(特級) (3kg / 包),【福茂】貢丸(特級) (3kg / 包),25.8,1
【韓國】韓牛牛肉丸|小盒,single,韓國-韓牛牛肉丸,38.5,【韓國】韓牛牛肉丸(香港製造),【韓國】韓牛牛肉丸(香港製造),38.5,1
【韓國】韓牛牛筋丸|小盒,single,韓國-韓牛牛筋丸,38.5,【韓國】韓牛牛筋丸(香港製造),【韓國】韓牛牛筋丸(香港製造),38.5,1
日本味付四角油揚|包,single,日本味付四角油揚,33,日本味付四角油揚 (800g / 20包),日本味付四角油揚 (800g / 20包),33,1
咖哩角|小盒,single,咖哩角,27,咖哩角 (112塊 / 小盒),咖哩角 (112塊 / 小盒),27,1
春卷|小盒,single,春卷,26.5,春卷 (72塊 / 小盒),春卷 (72塊 / 小盒),26.5,1
越南粉絲皮春卷|小盒,single,越南粉絲皮春卷,18.5,越南粉絲皮春卷 (12條裝 / 小盒),越南粉絲皮春卷 (12條裝 / 小盒),18.5,1
麥樂雞|包,single,麥樂雞,62,麥樂雞 (2.5kg / 包),麥樂雞 (2.5kg / 包),62,1
炸方塊魚柳|小盒,single,炸方塊魚柳,20.5,炸方塊魚柳 (60gx5塊 / 盒),炸方塊魚柳 (60gx5塊 / 盒),20.5,1
香茅魚餅|包,single,香茅魚餅,44,香茅魚餅 (1kg / 包),香茅魚餅 (1kg / 包),44,1
仿翅|包,single,仿翅,24,仿翅,仿翅,24,1
神字鮑|包,single,神字鮑,26.5,神字鮑片 (300g / 包),神字鮑片 (300g / 包),26.5,1
炭燒雞肉串|小盒,single,炭燒雞肉串,65,炭燒雞肉串 (50串),炭燒雞肉串 (50串),65,1
生雞膝軟骨串|小盒,single,生雞膝軟骨串,120,生雞膝軟骨串 (50串),生雞膝軟骨串 (50串),120,1
生雞腎串|小盒,single,生雞腎串,68,生雞腎串 (50串),生雞腎串 (50串),68,1
生雞皮串|小盒,single,生雞皮串,43,生雞皮串 (50串),生雞皮串 (50串),43,1
台灣眷村蔥油餅|包,single,台灣眷村蔥油餅,41,台灣眷村蔥油餅(10塊 / 10包),台灣眷村蔥油餅(10塊 / 10包),41,1
台灣蔥抓餅|包,single,台灣蔥抓餅,17.2,台灣蔥抓餅(5個 / 20包),台灣蔥抓餅(5個 / 20包),17.2,1
宜蘭蔥肉餡餅|包,single,宜蘭蔥肉餡餅,43,宜蘭蔥肉餡餅(30個 / 15包),宜蘭蔥肉餡餅(30個 / 15包),43,1
台灣多汁小籠包|包,single,台灣多汁小籠包,40,台灣多汁小籠包(28g / 20粒 / 24包),台灣多汁小籠包(28g / 20粒 / 24包),40,1
中華沙律|小盒,single,中華沙律,61,中華沙律(2KG / 包),中華沙律(2KG / 包),61,1
芝麻八爪魚|小盒,single,芝麻八爪魚,115,芝麻八爪魚(2KG / 包),芝麻八爪魚(2KG / 包),115,1
味付螺肉|小盒,single,味付螺肉,95,味付螺肉(2KG / 包),味付螺肉(2KG / 包),95,1
迷你燒甜薯|包,single,迷你燒甜薯,15,迷你燒甜薯 (500g / 包),迷你燒甜薯 (500g / 包),15,1
日本醋鯖魚|條,single,日本醋鯖魚,14,日本醋鯖魚(20條 / 4盒),日本醋鯖魚(20條 / 4盒),14,1
韓國讚崎烏冬|包,single,韓國讚崎烏冬,18.3,韓國讚崎烏冬(8包 / 箱),韓國讚崎烏冬(8包 / 箱),18.3,1
稻庭烏冬|包,single,稻庭烏冬,22.5,稻庭烏冬 (250g x 8包),稻庭烏冬 (250g x 8包),22.5,1
吉列炸蠔|小盒,single,吉列炸蠔,37,吉列炸蠔(25gx20隻 / 盒),吉列炸蠔(25gx20隻 / 盒),37,1
唐揚雞塊|小盒,single,唐揚雞塊,43,唐揚雞塊(1K / 包),唐揚雞塊(1K / 包),43,1
天婦羅吉列蝦|小盒,single,天婦羅吉列蝦,18,天婦羅吉列蝦(10隻 / 盒),天婦羅吉列蝦(10隻 / 盒),18,1
和風炸蟹鉗|小盒,single,和風炸蟹鉗,13.5,和風炸蟹鉗(8隻裝),和風炸蟹鉗(8隻裝),13.5,1
和風炸帶子|小盒,single,和風炸帶子,8.8,和風炸帶子(10粒),和風炸帶子(10粒),8.8,1
香酥魚手指|小盒,single,香酥魚手指,24,香酥魚手指 (300gx10條x12盒),香酥魚手指 (300gx10條x12盒),24,1
香酥蝦手指|小盒,single,香酥蝦手指,26,香酥蝦手指 (12盒 / 箱),香酥蝦手指 (12盒 / 箱),26,1
鹽酥雞|包,single,鹽酥雞,143,鹽酥雞(3K / 4包),鹽酥雞(3K / 4包),143,1
曲薯|包,single,曲薯,25,曲薯條 (1KG / 包),曲薯條 (1KG / 包),25,1
粗直薯|包,single,粗直薯,50,粗直薯條 (2KG / 包),粗直薯條 (2KG / 包),50,1
三角薯餅|包,single,三角薯餅,50,三角薯餅 (32塊 / 5磅 / 包),三角薯餅 (32塊 / 5磅 / 包),50,1
比利時橢圓形薯餅|小盒,single,比利時橢圓形薯餅,37,比利時橢圓形薯餅 (1.28Kg / 盒),比利時橢圓形薯餅 (1.28Kg / 盒),37,1
辣味 薯角|包,single,辣味-薯角,65,辣味 薯角(5磅 / 包),辣味 薯角(5磅 / 包),65,1
香辣薯格|包,single,香辣薯格,75,香辣薯格(4.5磅 / 包),香辣薯格(4.5磅 / 包),75,1
美國Ligo什菜|包,single,美國ligo什菜,19.4,美國Ligo什菜粒 (1KG / 包),美國Ligo什菜粒 (1KG / 包),19.4,1
美國Ligo青豆|包,single,美國ligo青豆,20,美國Ligo青豆粒 (1KG / 包),美國Ligo青豆粒 (1KG / 包),20,1
甘筍仔|包,single,甘筍仔,42,甘筍仔 (2.5kg / 包),甘筍仔 (2.5kg / 包),42,1
美國Ligo粟米|包,single,美國ligo粟米,19.4,美國Ligo粟米粒 (1KG / 包),美國Ligo粟米粒 (1KG / 包),19.4,1
泰國粟米|包,single,泰國粟米,15,泰國粟米粒,泰國粟米粒,15,1
"韓國辣味泡菜,10K|包",single,韓國辣味泡菜-10k,138,"韓國辣味泡菜,10K (切斷)","韓國辣味泡菜,10K (切斷)",138,1
韓國魚糕|包,single,韓國魚糕,22,韓國魚糕片(720g / 包),韓國魚糕片(720g / 包),22,1
日本忌廉泡芙 -12粒裝|小盒,single,日本忌廉泡芙-12粒裝,12,日本忌廉泡芙 -12粒裝,日本忌廉泡芙 -12粒裝,12,1
日本朱古力泡芙-12粒裝|小盒,single,日本朱古力泡芙-12粒裝,12,日本朱古力泡芙-12粒裝,日本朱古力泡芙-12粒裝,12,1
日本抹茶泡芙-12粒裝|小盒,single,日本抹茶泡芙-12粒裝,12,日本抹茶泡芙-12粒裝,日本抹茶泡芙-12粒裝,12,1
日本士多啤梨泡芙-12粒裝|小盒,single,日本士多啤梨泡芙-12粒裝,12,日本士多啤梨泡芙-12粒裝,日本士多啤梨泡芙-12粒裝,12,1
春卷皮 - 20塊x40包|包,single,春卷皮-20塊x40包,10,春卷皮(8.5吋) - 20塊x40包,春卷皮(8.5吋) - 20塊x40包,10,1
新加坡原味香酥餅 -30塊x4包|包,single,新加坡原味香酥餅-30塊x4包,68,新加坡原味香酥餅(5.5吋)-30塊x4包,新加坡原味香酥餅(5.5吋)-30塊x4包,68,1
成本運費到倉成本轉港幣泰式咖喱汁 1kg|包,single,成本運費到倉成本轉港幣泰式咖喱汁-1kg,31.3,成本運費到倉成本轉港幣泰式咖喱汁 1kg,成本運費到倉成本轉港幣泰式咖喱汁 1kg,31.3,1
黑椒汁 1kg|包,single,黑椒汁-1kg,24.8,黑椒汁 1kg,黑椒汁 1kg,24.8,1
燒汁 1kg|包,single,燒汁-1kg,28.6,燒汁 1kg,燒汁 1kg,28.6,1
黄汁 1kg|包,single,黄汁-1kg,24.8,黄汁 1kg,黄汁 1kg,24.8,1
白汁 1kg|包,single,白汁-1kg,24.8,白汁 1kg,白汁 1kg,24.8,1
意式肉醬 1kg|包,single,意式肉醬-1kg,32.4,意式肉醬 1kg,意式肉醬 1kg,32.4,1
意大利牛肉醬 1kg|包,single,意大利牛肉醬-1kg,37.3,意大利牛肉醬 1kg,意大利牛肉醬 1kg,37.3,1
蘑菇濃湯 1kg|包,single,蘑菇濃湯-1kg,28.1,蘑菇濃湯 1kg,蘑菇濃湯 1kg,28.1,1
羅宋湯 1kg|包,single,羅宋湯-1kg,25.9,羅宋湯 1kg,羅宋湯 1kg,25.9,1
蕃茄辣味肉醬 1kg|包,single,蕃茄辣味肉醬-1kg,32.4,蕃茄辣味肉醬 1kg,蕃茄辣味肉醬 1kg,32.4,1
蕃茄湯料醬 1kg|包,single,蕃茄湯料醬-1kg,31.3,蕃茄湯料醬 1kg,蕃茄湯料醬 1kg,31.3,1
奶油菌菇醬 1kg|包,single,奶油菌菇醬-1kg,35.2,奶油菌菇醬 1kg,奶油菌菇醬 1kg,35.2,1